SKU,Нэр,Үлдэгдэл,Төлөв,Сүүлд шинэчлэгдсэн
194144,"Dr.Una ОО 100мл",6,ACTIVE,2026-06-05T12:20:11.729Z
131060,"Gerber шахдаг 90г",1,ACTIVE,2026-06-02T11:10:33.614Z
134047,"Роллтон  дөр/ аяга 90г",22,ACTIVE,2026-06-02T11:09:48.255Z
134093,"Big lunch т/аягатай 90гр",1,ACTIVE,2026-06-02T11:09:44.433Z
134152,"Bone soup т/аягатай 102г",24,ACTIVE,2026-06-02T11:09:39.937Z
134283,"Indomie ууттай 85г",51,ACTIVE,2026-06-02T11:09:30.285Z
134307,"Bibigo дүпү, кимчи шөл 450г",3,ACTIVE,2026-06-02T11:09:28.115Z
134318,"Samyang Ramen т/аягатай 115g",6,ACTIVE,2026-06-02T11:09:26.801Z
134331,"Singsong д/байцааны шөл 10г",6,ACTIVE,2026-06-02T11:09:25.883Z
126657,"Зөгийн бал н/чавга  цай 1кг",1,ACTIVE,2026-06-02T09:57:57.433Z
126650,"Nowan latte mocha шил 280мл",5,ACTIVE,2026-06-02T09:57:50.703Z
126569,"Nawon coffee 180мл/л/",8,ACTIVE,2026-06-02T09:57:32.180Z
126202,"Бурамтай цайны багц 400г",1,ACTIVE,2026-06-02T09:56:59.170Z
126122,"Dimah цай аягатай 200г",1,ACTIVE,2026-06-02T09:56:49.832Z
126095,"Uniq аягатай кофе",2,ACTIVE,2026-06-02T09:56:34.074Z
126094,"Camel аягатай кофе 12г",29,ACTIVE,2026-06-02T09:56:32.975Z
126075,"Brewed Latte 500ml",1,ACTIVE,2026-06-02T09:56:30.924Z
126072,"Coffee mate 170g",3,ACTIVE,2026-06-02T09:56:28.610Z
126036,"Nescafe classic ууттай 190г",1,ACTIVE,2026-06-02T09:56:19.067Z
126009,"Jacobs молотый ууттай 230г",1,ACTIVE,2026-06-02T09:56:17.268Z
125302,"Булууны ястай 21 банш",2,ACTIVE,2026-06-02T09:56:09.680Z
125266,"ми Гэргий банш 500г",3,ACTIVE,2026-06-02T09:56:02.184Z
124533,"Чамин кимчи 200гр",18,ACTIVE,2026-06-02T09:55:44.395Z
124050,"Khaan холимог пицца 13inch",2,ACTIVE,2026-06-02T09:55:31.404Z
124004,"Hochland сыр 150г",13,ACTIVE,2026-06-02T09:55:22.629Z
123243,"Слабадо майноез 800гр шахдаг",2,ACTIVE,2026-06-02T09:55:19.129Z
123164,"Янта е/тос 1л",2,ACTIVE,2026-06-02T09:55:12.468Z
123072,"CJ Extra олив тос 500мл",1,ACTIVE,2026-06-02T09:55:03.318Z
123038,"Золотая янта масло 250г",4,ACTIVE,2026-06-02T09:54:57.950Z
123026,"Луговое масло 500г",4,ACTIVE,2026-06-02T09:54:55.009Z
123014,"Лука майонез 700мл",1,ACTIVE,2026-06-02T09:54:53.696Z
123012,"Лука майонез 400мл",3,ACTIVE,2026-06-02T09:54:53.215Z
113690,"Keenlo нүдэн чихэр 30г",3,ACTIVE,2026-06-02T04:07:30.260Z
115349,"Milka шоколад 85гр",2,ACTIVE,2026-06-02T03:37:00.021Z
115344,"King egg",2,ACTIVE,2026-06-02T03:36:50.689Z
115259,"Max fun 130г",8,ACTIVE,2026-06-02T03:36:22.370Z
115241,"Bounty 55g",1,ACTIVE,2026-06-02T03:36:17.299Z
115000,"Ozera  nut&go 23г",3,ACTIVE,2026-06-02T03:34:31.227Z
113174,"Крокант 180г",6,ACTIVE,2026-05-30T04:56:11.432Z
102236,"Blue Moon 0.5л /л/",1,ACTIVE,2026-05-30T04:56:11.432Z
105553,"Good жүүс 1150мл",7,ACTIVE,2026-05-30T04:56:11.432Z
108995,"Kombo 44гр",1,ACTIVE,2026-05-30T04:56:11.432Z
113102,"Паркур 500г",1,ACTIVE,2026-05-30T04:56:11.432Z
113199,"Картошка 1кг",1,ACTIVE,2026-05-30T04:56:11.432Z
113790,"Мини бургер 500гр",1,ACTIVE,2026-05-29T08:57:19.200Z
113762,"Ярче ботанчиг 50гр",20,ACTIVE,2026-05-29T08:57:19.200Z
113752,"Milkway 180g",4,ACTIVE,2026-05-29T08:57:19.200Z
107498,"Big nuts honey y/самар 80г",2,ACTIVE,2026-05-29T03:22:46.280Z
107065,"M&M 145г",6,ACTIVE,2026-05-29T03:22:46.280Z
107164,"Kangaroo salted 150g /л/",3,ACTIVE,2026-05-29T03:22:46.280Z
107240,"Yumm холимог самар савтай 200г",1,ACTIVE,2026-05-29T03:22:46.280Z
107165,"Kangaroo honey 150g /л/",2,ACTIVE,2026-05-29T03:22:46.280Z
104176,"Фрута няня ус 330 гр",5,ACTIVE,2026-05-28T12:01:06.651Z
104152,"Вояж ус 500мл",19,ACTIVE,2026-05-28T12:00:28.413Z
104134,"Sparkling water 0.45л",1,ACTIVE,2026-05-28T11:59:36.279Z
104132,"Bio ус 0,45л",1,ACTIVE,2026-05-28T11:59:28.014Z
104117,"Эко ус 1л",112,ACTIVE,2026-05-28T11:59:07.961Z
104114,"ARA ус жимстэй 1л",13,ACTIVE,2026-05-28T11:58:59.803Z
104113,"ARA ус жимстэй 500мл",67,ACTIVE,2026-05-28T11:58:57.477Z
104112,"ARA эрдэст ус 1л",37,ACTIVE,2026-05-28T11:58:54.906Z
104111,"ARA эрдэст ус 0,5л",3,ACTIVE,2026-05-28T11:58:52.455Z
104082,"H2O супер ус 600мл",1,ACTIVE,2026-05-28T11:58:39.452Z
104055,"Vita ус 1.5",1,ACTIVE,2026-05-28T11:58:28.430Z
106393,"Bekool ойн ундаа 200мл",1,ACTIVE,2026-05-28T11:51:16.889Z
105623,"Extreme black energy 0.5",6,ACTIVE,2026-05-28T11:49:52.234Z
105494,"Улаан чавганы цай 500мл",2,ACTIVE,2026-05-28T11:48:19.194Z
105458,"Ice tea чавга 0,5",32,ACTIVE,2026-05-28T11:48:12.992Z
105457,"Ice tea чавга 1.25л",11,ACTIVE,2026-05-28T11:48:11.495Z
105431,"Био чацаргана 450мл",2,ACTIVE,2026-05-28T11:48:06.461Z
105420,"Kagome 185мл/л/",4,ACTIVE,2026-05-28T11:47:44.079Z
105357,"Cafe Real ADE 230ml",13,ACTIVE,2026-05-28T11:47:32.547Z
105356,"Craft cola 0.33/л/",21,ACTIVE,2026-05-28T11:47:30.990Z
105335,"Со Milkis ундаа 1,5л",20,ACTIVE,2026-05-28T11:47:13.551Z
105334,"Со Milks ундаа 500мл",-2,ACTIVE,2026-05-28T11:47:11.547Z
105279,"Artichoke 250мл",16,ACTIVE,2026-05-28T11:46:32.913Z
105252,"Joy Aloe 1.5л",4,ACTIVE,2026-05-28T11:46:15.887Z
105234,"OKF Aloe 340мл/л/",6,ACTIVE,2026-05-28T11:46:07.825Z
105220,"OKF sparkling 500ml",1,ACTIVE,2026-05-28T11:46:00.309Z
105199,"Хун цай 500г",62,ACTIVE,2026-05-28T11:45:38.517Z
107008,"GG Erdnusse самар 200г",2,ACTIVE,2026-05-28T09:43:56.144Z
110203,"Bobi bear jelly 258г",2,ACTIVE,2026-05-28T09:42:29.875Z
110088,"Berryvit витамин үрэл 25г",1,ACTIVE,2026-05-28T09:41:33.386Z
110034,"Bebeto 18g",13,ACTIVE,2026-05-28T09:40:33.589Z
110028,"Bebeto 60гр",5,ACTIVE,2026-05-28T09:40:32.173Z
110024,"Bebeto pink & white 135g",3,ACTIVE,2026-05-28T09:40:19.209Z
108813,"Arrivo кекс 60гр",7,ACTIVE,2026-05-28T09:35:40.127Z
108626,"Коровка вафли 150г",38,ACTIVE,2026-05-28T09:35:29.011Z
108245,"Ням нямка 200г",4,ACTIVE,2026-05-28T09:34:12.738Z
108160,"Oreo 38г",5,ACTIVE,2026-05-28T09:34:00.605Z
108157,"Oreo 137г",22,ACTIVE,2026-05-28T09:33:57.825Z
108102,"Акульчев кекс 100г",4,ACTIVE,2026-05-28T09:33:30.176Z
108051,"Julies OAT печень 200g",5,ACTIVE,2026-05-28T09:32:45.865Z
111007,"Tymbark тетра нам/дөр 1l",1,ACTIVE,2026-05-28T09:30:41.536Z
112286,"Со Nongshim чипс  80гр",2,ACTIVE,2026-05-28T09:26:12.589Z
112280,"Co Nongshim чипс 30г",6,ACTIVE,2026-05-28T09:26:00.541Z
112275,"Piatos чипс 85гр",4,ACTIVE,2026-05-28T09:25:59.077Z
112270,"Хатаасан ногоо чипс 100г",1,ACTIVE,2026-05-28T09:25:57.689Z
112261,"Crisf fries 100г",8,ACTIVE,2026-05-28T09:25:51.758Z
112260,"Chio чипс 30г",12,ACTIVE,2026-05-28T09:25:45.749Z
112255,"Doritos 130г",7,ACTIVE,2026-05-28T09:25:40.575Z
112247,"Bro чипс 70 г",1,ACTIVE,2026-05-28T09:25:15.005Z
112246,"Crispy fish skin 50 г",1,ACTIVE,2026-05-28T09:25:13.595Z
112227,"Orion O Tube чипс 115г",7,ACTIVE,2026-05-28T09:25:11.654Z
112149,"Mix чипс 25г",5,ACTIVE,2026-05-28T09:25:02.209Z
112070,"Cheetos 85g",3,ACTIVE,2026-05-28T09:24:33.588Z
112046,"Taffel snacks 250g",3,ACTIVE,2026-05-28T09:24:22.460Z
112016,"Кириешки соус 60г",14,ACTIVE,2026-05-28T09:24:07.593Z
113655,"Roshen choco lapki 1кг",1,ACTIVE,2026-05-28T09:16:04.309Z
113176,"Ярче 500г",2,ACTIVE,2026-05-28T09:14:46.235Z
113175,"Крокант 500г",3,ACTIVE,2026-05-28T09:14:44.175Z
113149,"Сладкие сүүн чихэр 450г",1,ACTIVE,2026-05-28T09:14:31.108Z
113091,"Merci 125g",1,ACTIVE,2026-05-28T09:14:17.321Z
113079,"Mars minis 182g",4,ACTIVE,2026-05-28T09:14:07.710Z
113043,"Mika alex 500g",4,ACTIVE,2026-05-28T09:13:59.229Z
103055,"Rosso nobile 0.75l",11,ACTIVE,2026-05-28T08:36:36.455Z
103004,"Kindzmarauli GRW 0.75",2,ACTIVE,2026-05-28T08:36:07.812Z
102282,"Sapporo 0.5/л/",1,ACTIVE,2026-05-28T08:35:56.431Z
102253,"Asahi 350ml /л/",2,ACTIVE,2026-05-28T08:35:49.529Z
102049,"Hooch 0.5l/л/",15,ACTIVE,2026-05-28T08:35:08.585Z
102033,"Tsingtao 0.33/л/",3,ACTIVE,2026-05-28T08:34:50.658Z
102013,"Нийслэл Lite 0.45/ш/",11,ACTIVE,2026-05-28T08:34:29.152Z
101306,"SAYAN хайр 0,75",1,ACTIVE,2026-05-28T08:33:58.064Z
101298,"AURORA 0.75l",1,ACTIVE,2026-05-28T08:33:51.471Z
101065,"Elix Neo 0.7",2,ACTIVE,2026-05-28T08:32:40.155Z
100152,"Wild Turkey 1л",1,ACTIVE,2026-05-28T08:31:35.048Z
109057,"Lotte Choco pie 6ш",6,ACTIVE,2026-05-28T07:29:04.898Z
109034,"Super kontik 6ш",1,ACTIVE,2026-05-28T07:28:57.880Z
109016,"Orion Opera 12ш",8,ACTIVE,2026-05-28T07:28:22.011Z
109009,"Orion Choco orig 6ш",18,ACTIVE,2026-05-28T07:28:12.969Z
109008,"Orion Choco orig 4ш",10,ACTIVE,2026-05-28T07:28:10.971Z
200226,"Oxeye өмсдөг 3ш",3,ACTIVE,2026-05-26T05:12:42.630Z
200057,"Classic шөнийн 8ш",7,ACTIVE,2026-05-26T05:12:42.630Z
200058,"Classic ө/т 20ш",8,ACTIVE,2026-05-26T05:12:42.630Z
200065,"Daisy ө/тутам хайр 20ш",5,ACTIVE,2026-05-26T05:12:42.630Z
200097,"O.b 3дусал 16ш",2,ACTIVE,2026-05-26T05:12:42.630Z
200112,"Kotex 15см 40ш",1,ACTIVE,2026-05-26T05:12:42.630Z
200130,"Bella ө/т 60ш",1,ACTIVE,2026-05-26T05:12:42.630Z
203059,"Mamy Poko NB 30ш",1,ACTIVE,2026-05-26T05:12:42.630Z
192001,"AB цавуу жижиг",1,ACTIVE,2026-05-26T05:12:42.025Z
192014,"Ажлын бээлий цэнхэр алгатай",24,ACTIVE,2026-05-26T05:12:42.025Z
192030,"Glade агааржуулагч 300мл",1,ACTIVE,2026-05-26T05:12:42.025Z
192056,"Smart cleaner 500мл",1,ACTIVE,2026-05-26T05:12:42.025Z
192099,"Sarma comet 400г",3,ACTIVE,2026-05-26T05:12:42.025Z
192196,"Astonish Foam Fresh 3ш",1,ACTIVE,2026-05-26T05:12:42.025Z
192521,"Бие угаагч",5,ACTIVE,2026-05-26T05:12:42.025Z
192525,"3 өнгийн алчуур",4,ACTIVE,2026-05-26T05:12:42.025Z
192550,"Ариун угаадаг арчуур 50ш",6,ACTIVE,2026-05-26T05:12:42.025Z
192557,"Капля шил толь 500мл",4,ACTIVE,2026-05-26T05:12:42.025Z
192559,"Зул ш",3,ACTIVE,2026-05-26T05:12:42.025Z
192592,"Дэлбээ оосор хог/уут 50л/30ш/",2,ACTIVE,2026-05-26T05:12:42.025Z
192720,"Хог авагч өнхрүүш",1,ACTIVE,2026-05-26T05:12:42.025Z
192737,"BIOAOUA нүүрний маск 25г",9,ACTIVE,2026-05-26T05:12:42.025Z
192808,"Hair comb",8,ACTIVE,2026-05-26T05:12:42.025Z
192811,"Rich bath gel",2,ACTIVE,2026-05-26T05:12:42.025Z
192835,"Газны хошуу магниттай 920р",7,ACTIVE,2026-05-26T05:12:42.025Z
192843,"Хадаг жижиг  1ш",7,ACTIVE,2026-05-26T05:12:42.025Z
192851,"Нүүрний маск images",22,ACTIVE,2026-05-26T05:12:42.025Z
192854,"Mega gas",3,ACTIVE,2026-05-26T05:12:42.025Z
193013,"Clear men 315мл",3,ACTIVE,2026-05-26T05:12:42.025Z
193015,"Clear 325мл",3,ACTIVE,2026-05-26T05:12:42.025Z
193026,"Pantene pro miracles шампунь 250мл",-2,ACTIVE,2026-05-26T05:12:42.025Z
193046,"Head Shoulders 360мл",4,ACTIVE,2026-05-26T05:12:42.025Z
193080,"Vaseline 200ml",2,ACTIVE,2026-05-26T05:12:42.025Z
193107,"Loreal Elseve шампунь 400мл",-1,ACTIVE,2026-05-26T05:12:42.025Z
193174,"KERATIN үсний уураг 30мл",-5,ACTIVE,2026-05-26T05:12:42.025Z
194018,"Colgate Бережное 73г",6,ACTIVE,2026-05-26T05:12:42.025Z
194024,"Colgate sensitive 75ml",2,ACTIVE,2026-05-26T05:12:42.025Z
194039,"Colgate зиг заг сойз",1,ACTIVE,2026-05-26T05:12:42.025Z
194040,"Colgate сойз",1,ACTIVE,2026-05-26T05:12:42.025Z
194042,"Colgate 3хос сойз",1,ACTIVE,2026-05-26T05:12:42.025Z
194045,"Colgate хар сойз 1ш",1,ACTIVE,2026-05-26T05:12:42.025Z
194087,"Aquafresh сойз",1,ACTIVE,2026-05-26T05:12:42.025Z
194088,"Aquafresh хүүхдийн 50мл",4,ACTIVE,2026-05-26T05:12:42.025Z
194103,"Splat ОО 100мл",1,ACTIVE,2026-05-26T05:12:42.025Z
194122,"Oral B ОО 75мл",5,ACTIVE,2026-05-26T05:12:42.025Z
194781,"Asuri багц 3ш",2,ACTIVE,2026-05-26T05:12:42.025Z
194782,"Asuri багц 2ш",1,ACTIVE,2026-05-26T05:12:42.025Z
194792,"Хэл хусагч",5,ACTIVE,2026-05-26T05:12:42.025Z
195019,"Өд 4ш",2,ACTIVE,2026-05-26T05:12:42.025Z
195090,"Kleenex 00 цаас 4ш",2,ACTIVE,2026-05-26T05:12:42.025Z
196020,"Trio 400мл",1,ACTIVE,2026-05-26T05:12:42.025Z
196036,"Тогоо угаалтуур",1,ACTIVE,2026-05-26T05:12:42.025Z
197000,"Омо comfort 700г",3,ACTIVE,2026-05-26T05:12:42.025Z
197061,"Purox 18гр*22ш",1,ACTIVE,2026-05-26T05:12:42.025Z
197141,"Ушастый нянь 400г",5,ACTIVE,2026-05-26T05:12:42.025Z
198021,"Safeguard саван 3*90г",2,ACTIVE,2026-05-26T05:12:42.025Z
198056,"Moss & Adams биеийн шин/саван 500мл",1,ACTIVE,2026-05-26T05:12:42.025Z
198105,"Romano саван 90г",1,ACTIVE,2026-05-26T05:12:42.025Z
198109,"Old spice саван 400мл",-1,ACTIVE,2026-05-26T05:12:42.025Z
198112,"Duru ш/саван 300мл",2,ACTIVE,2026-05-26T05:12:42.025Z
199002,"Kleenex н/сальф 99.9% 10ш",2,ACTIVE,2026-05-26T05:12:42.025Z
199031,"Selpak х/сальф 150ш",1,ACTIVE,2026-05-26T05:12:42.025Z
199034,"Selpak х/сальф 48ш",2,ACTIVE,2026-05-26T05:12:42.025Z
199057,"Тоорхон өлгөдөг х/сальф 245ш",4,ACTIVE,2026-05-26T05:12:42.025Z
199058,"Тоорхон н/сальф 60ш",5,ACTIVE,2026-05-26T05:12:42.025Z
199084,"Bibi н/сальф 100ш",2,ACTIVE,2026-05-26T05:12:42.025Z
199087,"Baby Lab н/сальф 100ш",9,ACTIVE,2026-05-26T05:12:42.025Z
199101,"Угаадаг сальфетка 50ш",-2,ACTIVE,2026-05-26T05:12:42.025Z
199105,"Scott гал тогооны сальф 3ш",1,ACTIVE,2026-05-26T05:12:42.025Z
199145,"Хөөрхөн baby н/сальф 100ш",2,ACTIVE,2026-05-26T05:12:42.025Z
200019,"Sofy шөнийн 14ш",5,ACTIVE,2026-05-26T05:12:42.025Z
199234,"Тоорхон Угаадаг сальфетка",4,ACTIVE,2026-05-26T05:12:42.025Z
200026,"Sofy шөнийн 8ш",4,ACTIVE,2026-05-26T05:12:42.025Z
199221,"Дэлбээ гал тогоо алчуур",3,ACTIVE,2026-05-26T05:12:42.025Z
200024,"Sofy шөнийн 4ш",2,ACTIVE,2026-05-26T05:12:42.025Z
191215,"Reflex бэлгэвч 3ш",6,ACTIVE,2026-05-26T05:12:42.025Z
191186,"AP уураг шампунь/ш/",1,ACTIVE,2026-05-26T05:12:42.025Z
176177,"Chupa Chups р/чихэр 100г",6,ACTIVE,2026-05-26T05:12:41.435Z
175229,"Алчуур машины шар",6,ACTIVE,2026-05-26T05:12:41.435Z
175426,"Nivea Roll Х/дарагч",2,ACTIVE,2026-05-26T05:12:41.435Z
175437,"Цэнэглэгч машины AZ-CO3",2,ACTIVE,2026-05-26T05:12:41.435Z
175455,"Bella чихний хөвөн 150ш",2,ACTIVE,2026-05-26T05:12:41.435Z
175457,"Bella чихний хөвөн 100ш",1,ACTIVE,2026-05-26T05:12:41.435Z
175785,"Power bank 2.1A",1,ACTIVE,2026-05-26T05:12:41.435Z
175979,"Нежность хөвөн 150ш",3,ACTIVE,2026-05-26T05:12:41.435Z
176038,"Carte Noire кофе 17.4г",13,ACTIVE,2026-05-26T05:12:41.435Z
176086,"Nescafe Ice 11.5г",1,ACTIVE,2026-05-26T05:12:41.435Z
176140,"Orbit bubble 2ш",53,ACTIVE,2026-05-26T05:12:41.435Z
176263,"DaDA EGG том 65г",6,ACTIVE,2026-05-26T05:12:41.435Z
176344,"Хөсөн чихэр иштэй 70г",36,ACTIVE,2026-05-26T05:12:41.435Z
176363,"Тоглоомтой чихэр",25,ACTIVE,2026-05-26T05:12:41.435Z
176482,"Black mo coffee 34г",14,ACTIVE,2026-05-26T05:12:41.435Z
176486,"First gum 13.5г",2,ACTIVE,2026-05-26T05:12:41.435Z
176492,"Kopiko 32г",8,ACTIVE,2026-05-26T05:12:41.435Z
176495,"Dippo bon 25г",1,ACTIVE,2026-05-26T05:12:41.435Z
176501,"Мамба 1ш",8,ACTIVE,2026-05-26T05:12:41.435Z
176512,"Chupa chups кислая пудра 9г",2,ACTIVE,2026-05-26T05:12:41.435Z
176513,"Том өндгөн шок",9,ACTIVE,2026-05-26T05:12:41.435Z
176529,"Orbit савтай 50ш",6,ACTIVE,2026-05-26T05:12:41.435Z
188002,"Цаасны хутганы ир",3,ACTIVE,2026-05-26T05:12:41.435Z
188026,"Штринк туузан",2,ACTIVE,2026-05-26T05:12:41.435Z
188276,"MG Үзгэн бал арилгадаг S2",2,ACTIVE,2026-05-26T05:12:41.435Z
188313,"Monami бал/харандаат HB",11,ACTIVE,2026-05-26T05:12:41.435Z
189212,"Relx essential",1,ACTIVE,2026-05-26T05:12:41.435Z
189320,"Innobar CLK! 40000puffs",2,ACTIVE,2026-05-26T05:12:41.435Z
191096,"Tofpeel бэлгэвч 3ш",4,ACTIVE,2026-05-26T05:12:41.435Z
165614,"Со Tico",6,ACTIVE,2026-05-26T05:12:40.846Z
149031,"Felix муурны хоол 200г",1,ACTIVE,2026-05-26T05:12:40.846Z
165016,"Pororo торхтой",1,ACTIVE,2026-05-26T05:12:40.846Z
165023,"Ice mark нэрстэй",6,ACTIVE,2026-05-26T05:12:40.846Z
165063,"Золотой сэндвич",-1,ACTIVE,2026-05-26T05:12:40.846Z
165312,"дх Цасхан аарцтай",55,ACTIVE,2026-05-26T05:12:40.846Z
165380,"Бомба торхтой",-1,ACTIVE,2026-05-26T05:12:40.846Z
165382,"Брикеша 100г",3,ACTIVE,2026-05-26T05:12:40.846Z
165452,"Atom 4ш",1,ACTIVE,2026-05-26T05:12:40.846Z
165459,"Aice strawberry crispy 90мл",1,ACTIVE,2026-05-26T05:12:40.846Z
165465,"г Стимул птичье молоко",1,ACTIVE,2026-05-26T05:12:40.846Z
165467,"г Пингвин",2,ACTIVE,2026-05-26T05:12:40.846Z
165494,"or Золотой резерв 900г",1,ACTIVE,2026-05-26T05:12:40.846Z
165515,"or Семейное 90г",1,ACTIVE,2026-05-26T05:12:40.846Z
165554,"Со Double Bianco",2,ACTIVE,2026-05-26T05:12:40.846Z
165606,"со Its Waffle зайрмаг",10,ACTIVE,2026-05-26T05:12:40.846Z
165672,"хятад Пломбир 78г",1,ACTIVE,2026-05-26T05:12:40.846Z
165691,"Pisto зайрмаг 50г",78,ACTIVE,2026-05-26T05:12:40.846Z
165705,"Mooochii ууттай",66,ACTIVE,2026-05-26T05:12:40.846Z
165718,"Как раньше 80г",1,ACTIVE,2026-05-26T05:12:40.846Z
165734,"Бабулай 50гр",4,ACTIVE,2026-05-26T05:12:40.846Z
165752,"Со Jelly ice bar иштэй 70г",3,ACTIVE,2026-05-26T05:12:40.846Z
166004,"Darbo варень 450г",1,ACTIVE,2026-05-26T05:12:40.846Z
166067,"Амтлаг варень 650г",2,ACTIVE,2026-05-26T05:12:40.846Z
166104,"Молоко 390г/л/",4,ACTIVE,2026-05-26T05:12:40.846Z
166106,"Молоко Юбилейная шахдаг 270",6,ACTIVE,2026-05-26T05:12:40.846Z
166154,"Наша малаша 370г/л/",1,ACTIVE,2026-05-26T05:12:40.846Z
166157,"Monkondi шахдаг 270г",1,ACTIVE,2026-05-26T05:12:40.846Z
170001,"Вытнам огурцы 1500мл",-1,ACTIVE,2026-05-26T05:12:40.846Z
170006,"Bagro Талх салат 570мл",1,ACTIVE,2026-05-26T05:12:40.846Z
170068,"гш Огурцы 920мл",10,ACTIVE,2026-05-26T05:12:40.846Z
170069,"гш Огурцы 725мл",3,ACTIVE,2026-05-26T05:12:40.846Z
170078,"гш Байцааны салат 280мл",4,ACTIVE,2026-05-26T05:12:40.846Z
170260,"Bagro Талх салат мөөгтэй 550мл",1,ACTIVE,2026-05-26T05:12:40.846Z
170268,"Urbanek дар/сармис 190г",1,ACTIVE,2026-05-26T05:12:40.846Z
175046,"Nivea creme 75ml",2,ACTIVE,2026-05-26T05:12:40.846Z
137150,"Pasta ricco шпагети 250гр",2,ACTIVE,2026-05-26T05:12:40.846Z
138133,"Хоног цагаан будаа 5кг",2,ACTIVE,2026-05-26T05:12:40.846Z
138108,"Ярмарка гур/будаа 700г",5,ACTIVE,2026-05-26T05:12:40.846Z
138254,"УБ ц.будаа 5кг",1,ACTIVE,2026-05-26T05:12:40.846Z
138279,"Шижир шар будаа 1кг",1,ACTIVE,2026-05-26T05:12:40.846Z
139005,"У.Б дээд гурил 10кг",1,ACTIVE,2026-05-26T05:12:40.846Z
139069,"Өег 2-р гурил 1кг",1,ACTIVE,2026-05-26T05:12:40.846Z
139205,"Борцтой монгол хоол 150г",1,ACTIVE,2026-05-26T05:12:40.846Z
140003,"Со бор сахар 1кг",4,ACTIVE,2026-05-26T05:12:40.846Z
145004,"ТМ Жамц давс 450г",-1,ACTIVE,2026-05-26T05:12:40.846Z
145007,"ТМ Нуурын давс 450г",5,ACTIVE,2026-05-26T05:12:40.846Z
145078,"Sunsea исгэгч 11г",4,ACTIVE,2026-05-26T05:12:40.846Z
145083,"Durt Жамц давс 450г",4,ACTIVE,2026-05-26T05:12:40.846Z
145163,"Слава иоджуулсан давс 1кг",1,ACTIVE,2026-05-26T05:12:40.846Z
146004,"Dawtona tomat pasta 360гр",1,ACTIVE,2026-05-26T05:12:40.846Z
146013,"Heinz кетчуп 1000г",2,ACTIVE,2026-05-26T05:12:40.846Z
147009,"Sauce тахиа хув 500г",2,ACTIVE,2026-05-26T05:12:40.846Z
147051,"Ssamjang 500г",2,ACTIVE,2026-05-26T05:12:40.846Z
147139,"Maggi цуу 100ml",4,ACTIVE,2026-05-26T05:12:40.846Z
147140,"Maggi цуу 200ml",2,ACTIVE,2026-05-26T05:12:40.846Z
147253,"Гүнждийн үртэй с/амтлагч 500мл",-1,ACTIVE,2026-05-26T05:12:40.846Z
147424,"Гүчүжан 500гр",3,ACTIVE,2026-05-26T05:12:40.846Z
148088,"Appetita чеснок 20г",-1,ACTIVE,2026-05-26T05:12:40.846Z
148097,"Припровыч Крахмал 70г",14,ACTIVE,2026-05-26T05:12:40.846Z
148246,"SB Carry hayashi соус 160г",-1,ACTIVE,2026-05-26T05:12:40.846Z
148291,"Борцтой гурилтай хоол 200г",5,ACTIVE,2026-05-26T05:12:40.846Z
148414,"Дашида 100г",4,ACTIVE,2026-05-26T05:12:40.846Z
148425,"Appetita лаврын навч  5g",3,ACTIVE,2026-05-26T05:12:40.846Z
148427,"Чай үр 100г",1,ACTIVE,2026-05-26T05:12:40.846Z
148515,"Амтлаг салат Naaraa",7,ACTIVE,2026-05-26T05:12:40.846Z
148522,"Сухар 200гр",3,ACTIVE,2026-05-26T05:12:40.846Z
121018,"с Bio fit иогурт500г",7,ACTIVE,2026-05-26T05:12:40.258Z
121025,"с Go fit probiotic yogurt 150г",6,ACTIVE,2026-05-26T05:12:40.258Z
121034,"Өлзий цөцгийн тос 180г",7,ACTIVE,2026-05-26T05:12:40.258Z
121042,"Activia 270ml",20,ACTIVE,2026-05-26T05:12:40.258Z
121046,"Activia 870г",4,ACTIVE,2026-05-26T05:12:40.258Z
121048,"Активиа 110г",6,ACTIVE,2026-05-26T05:12:40.258Z
121067,"С Provita yogurt 120г",7,ACTIVE,2026-05-26T05:12:40.258Z
121091,"Сайн Бифидо чихэртэй 900г",3,ACTIVE,2026-05-26T05:12:40.258Z
121092,"Сайн иогурт ууттай 450г",4,ACTIVE,2026-05-26T05:12:40.258Z
121099,"Сайн Бифидо тараг 900г",5,ACTIVE,2026-05-26T05:12:40.258Z
121100,"Өглөө сүү соруултай 200мл",28,ACTIVE,2026-05-26T05:12:40.258Z
121102,"Өглөө сүү 1л",25,ACTIVE,2026-05-26T05:12:40.258Z
121105,"Vitafit соруултай аарц 200мл",6,ACTIVE,2026-05-26T05:12:40.258Z
121108,"Vitavit probiotic",5,ACTIVE,2026-05-26T05:12:40.258Z
121125,"Зөв аарц чацаргана 330мл",1,ACTIVE,2026-05-26T05:12:40.258Z
121140,"Danone 670g",3,ACTIVE,2026-05-26T05:12:40.258Z
121152,"Baby shark сүү 250мл",6,ACTIVE,2026-05-26T05:12:40.258Z
121154,"Биеэ бодоорой 1л",7,ACTIVE,2026-05-26T05:12:40.258Z
121159,"с Шимт тараг 1л",5,ACTIVE,2026-05-26T05:12:40.258Z
121166,"с Milk тетра 3.2%",25,ACTIVE,2026-05-26T05:12:40.258Z
121212,"Coyo coyo гахайн сүү 5ш",27,ACTIVE,2026-05-26T05:12:40.258Z
121214,"Гоё тараг 150г",11,ACTIVE,2026-05-26T05:12:40.258Z
121231,"Giant пробиотик 270мл",26,ACTIVE,2026-05-26T05:12:40.258Z
121238,"Stir хүрэн иогурт 500г",-5,ACTIVE,2026-05-26T05:12:40.258Z
121250,"Сүүн шим тараг",17,ACTIVE,2026-05-26T05:12:40.258Z
121267,"Сүүн шим хайлмаг",1,ACTIVE,2026-05-26T05:12:40.258Z
121268,"Сүүн шим ээзгий",2,ACTIVE,2026-05-26T05:12:40.258Z
121277,"х Delicious иогурт 210г",34,ACTIVE,2026-05-26T05:12:40.258Z
121280,"Баялаг тараг 1л",7,ACTIVE,2026-05-26T05:12:40.258Z
121003,"с Миний монголын сүү 1л",6,ACTIVE,2026-05-26T05:12:40.258Z
120273,"Шпроты шилтэй 270г",4,ACTIVE,2026-05-26T05:12:40.258Z
120272,"Caлаrа ronчeная широт 240г",3,ACTIVE,2026-05-26T05:12:40.258Z
120246,"Eco vita улаан шош 400г",3,ACTIVE,2026-05-26T05:12:40.258Z
120242,"Со Dongwon т/цээж мах 90г",1,ACTIVE,2026-05-26T05:12:40.258Z
120241,"Nison sardines 125г",2,ACTIVE,2026-05-26T05:12:40.258Z
123204,"Монгол шар тос 150г",10,ACTIVE,2026-05-26T05:12:40.258Z
124106,"korea шарсан кимчи 0,35",3,ACTIVE,2026-05-26T05:12:40.258Z
120136,"Sajo туна 150г",1,ACTIVE,2026-05-26T05:12:40.258Z
120092,"Ace эрдэнэшиш 340г",4,ACTIVE,2026-05-26T05:12:40.258Z
120077,"Герман нухаш 300г/ш/",20,ACTIVE,2026-05-26T05:12:40.258Z
125121,"Слава банш үхэр 900г",5,ACTIVE,2026-05-26T05:12:40.258Z
125198,"ТМ хонины банш 400г",5,ACTIVE,2026-05-26T05:12:40.258Z
125303,"Аяа бууз 1кг",8,ACTIVE,2026-05-26T05:12:40.258Z
120037,"Килька 235г",1,ACTIVE,2026-05-26T05:12:40.258Z
120019,"Golden prize Tuna 185g",2,ACTIVE,2026-05-26T05:12:40.258Z
119196,"Vobro Frutti mare 370g",1,ACTIVE,2026-05-26T05:12:40.258Z
119191,"Godiva набор 117гр",1,ACTIVE,2026-05-26T05:12:40.258Z
119185,"Ailisha heart набор 150гр",3,ACTIVE,2026-05-26T05:12:40.258Z
119181,"Cherry Passion 147г",3,ACTIVE,2026-05-26T05:12:40.258Z
119110,"Bonjour 232g",7,ACTIVE,2026-05-26T05:12:40.258Z
119016,"Toffifee 400g",2,ACTIVE,2026-05-26T05:12:40.258Z
126646,"Drink me хар кофе",1,ACTIVE,2026-05-26T05:12:40.258Z
118140,"Траст байгал",1,ACTIVE,2026-05-26T05:12:40.258Z
118059,"ххи Бяслагтай зайдас 250г",1,ACTIVE,2026-05-26T05:12:40.258Z
126656,"Зөгийн бал jujube  цай 1кг",2,ACTIVE,2026-05-26T05:12:40.258Z
128018,"со Bibigo д.байцаа 5г",41,ACTIVE,2026-05-26T05:12:40.258Z
128041,"Batsol далайн байцаа 10ш",8,ACTIVE,2026-05-26T05:12:40.258Z
131003,"Монфреш сүү 250мл",22,ACTIVE,2026-05-26T05:12:40.258Z
131009,"Фруто няня 250г /ш/",11,ACTIVE,2026-05-26T05:12:40.258Z
131182,"Шимт нухаш 100г",13,ACTIVE,2026-05-26T05:12:40.258Z
134212,"Yopokki гоймон  аягатай 145г",1,ACTIVE,2026-05-26T05:12:40.258Z
137023,"Уурагт гоймон 180г",3,ACTIVE,2026-05-26T05:12:40.258Z
121004,"с Шимт сүү 1л",29,ACTIVE,2026-05-26T05:12:40.258Z
121005,"с Шинэ сүү 0,5",4,ACTIVE,2026-05-26T05:12:40.258Z
121007,"с Зөөхий 180г",5,ACTIVE,2026-05-26T05:12:40.258Z
121008,"с Зөөхий 350г",2,ACTIVE,2026-05-26T05:12:40.258Z
121015,"с Элгэн тараг 750г",8,ACTIVE,2026-05-26T05:12:40.258Z
121016,"Хорхой ааруул 400г",6,ACTIVE,2026-05-26T05:12:40.258Z
121020,"с Элгэн тараг бор 750г",3,ACTIVE,2026-05-26T05:12:40.258Z
108930,"IBM Д/байцаатай печень 358г",10,ACTIVE,2026-05-26T05:12:39.623Z
117503,"Бод шим хатаасан мах 50г",2,ACTIVE,2026-05-26T05:12:39.623Z
117558,"Chiketta филле",1,ACTIVE,2026-05-26T05:12:39.623Z
118020,"ми Зочид чанамал",1,ACTIVE,2026-05-26T05:12:39.623Z
108938,"Richy Kenju печень 192г",9,ACTIVE,2026-05-26T05:12:39.623Z
108820,"Твист 22,5г",7,ACTIVE,2026-05-26T05:12:39.623Z
117354,"Слава шаржигнуур шинэ 800г",3,ACTIVE,2026-05-26T05:12:39.623Z
117132,"Тахианы цээж 2кг",3,ACTIVE,2026-05-26T05:12:39.623Z
117115,"Орос наггетс 1.5 кг",4,ACTIVE,2026-05-26T05:12:39.623Z
117043,"Аяа амталсан жэюг 800г",7,ACTIVE,2026-05-26T05:12:39.623Z
117025,"Sunsea тактуритан 1,2кг",3,ACTIVE,2026-05-26T05:12:39.623Z
116421,"ат Ааарцтай тэргүүн",2,ACTIVE,2026-05-26T05:12:39.623Z
116389,"ТМ Шар тостой Бин 5ш",4,ACTIVE,2026-05-26T05:12:39.623Z
116385,"Тансаг Прага цөцгийт 545г",1,ACTIVE,2026-05-26T05:12:39.623Z
116384,"Медовый иристэй торт 520г",3,ACTIVE,2026-05-26T05:12:39.623Z
116383,"Тансаг напелеон торт 530г",6,ACTIVE,2026-05-26T05:12:39.623Z
116381,"Премиум Напелеон торт 300г",4,ACTIVE,2026-05-26T05:12:39.623Z
116380,"Премиум Медовик 300г",5,ACTIVE,2026-05-26T05:12:39.623Z
116378,"Зима 3төрлийн рулет 250г",1,ACTIVE,2026-05-26T05:12:39.623Z
116376,"Медовик ш",33,ACTIVE,2026-05-26T05:12:39.623Z
116375,"Пирог ш",2,ACTIVE,2026-05-26T05:12:39.623Z
116362,"Stimo Жимст 600г",4,ACTIVE,2026-05-26T05:12:39.623Z
116285,"Орда Бүхэл үрийн еэвэн 700г",3,ACTIVE,2026-05-26T05:12:39.623Z
116283,"Орда Зүсмэл 800г",1,ACTIVE,2026-05-26T05:12:39.623Z
116281,"Орда жимст 700г",1,ACTIVE,2026-05-26T05:12:39.623Z
116279,"Орда цөцгийтэй боов 600г",1,ACTIVE,2026-05-26T05:12:39.623Z
116278,"Орда шоколадтай боов 600г",2,ACTIVE,2026-05-26T05:12:39.623Z
116187,"Спартак",11,ACTIVE,2026-05-26T05:12:39.623Z
116163,"ө Жижиг еэвэн",4,ACTIVE,2026-05-26T05:12:39.623Z
116154,"ө Какаотой боов",1,ACTIVE,2026-05-26T05:12:39.623Z
116147,"ө Жимстэй мөөхий",2,ACTIVE,2026-05-26T05:12:39.623Z
116145,"ө Жимстэй боов",4,ACTIVE,2026-05-26T05:12:39.623Z
116119,"тч Бүхэл үрийн аяны боорцог",3,ACTIVE,2026-05-26T05:12:39.623Z
116103,"тч Мини эклер 230г",3,ACTIVE,2026-05-26T05:12:39.623Z
116079,"тч Нахиа боов 450 г",2,ACTIVE,2026-05-26T05:12:39.623Z
116078,"тч Нарийн савхан 750 г",2,ACTIVE,2026-05-26T05:12:39.623Z
116072,"тч Онцгой бүхэл үр сүүт 450 г",1,ACTIVE,2026-05-26T05:12:39.623Z
116070,"тч Мини гөөхий 750 г",1,ACTIVE,2026-05-26T05:12:39.623Z
116063,"тч Аяны боорцог 750 г",1,ACTIVE,2026-05-26T05:12:39.623Z
116039,"тч Мишээл  хөх тариа",1,ACTIVE,2026-05-26T05:12:39.623Z
116038,"тч Мишээл зүссэн талх",1,ACTIVE,2026-05-26T05:12:39.623Z
116033,"тч Онцгой олон үртэй ургац талх",1,ACTIVE,2026-05-26T05:12:39.623Z
114277,"гш Олон жимст компод 380мл",2,ACTIVE,2026-05-26T05:12:39.623Z
114191,"гш Компод/абрикос 900 г",1,ACTIVE,2026-05-26T05:12:39.623Z
114183,"Bagro гүзээлзгэнэ 900г",2,ACTIVE,2026-05-26T05:12:39.623Z
113799,"Ярчи чихэр 200г",5,ACTIVE,2026-05-26T05:12:39.623Z
113783,"Choco Assorti хайр 1кг",2,ACTIVE,2026-05-26T05:12:39.623Z
113082,"Riesen 150g",1,ACTIVE,2026-05-26T05:12:39.623Z
113081,"Riesen 400g",1,ACTIVE,2026-05-26T05:12:39.623Z
112269,"Doritos 70гр",21,ACTIVE,2026-05-26T05:12:39.623Z
112253,"2 талдаа чипс 123г",2,ACTIVE,2026-05-26T05:12:39.623Z
112007,"Lays 90г",-1,ACTIVE,2026-05-26T05:12:39.623Z
117461,"ПН хөлдөөсөн ногоо 1кг",10,ACTIVE,2026-05-26T05:12:39.623Z
117464,"Meat Master бөөрөнхий мах 500г",3,ACTIVE,2026-05-26T05:12:39.623Z
105615,"Настоящий квас 1,5л",6,ACTIVE,2026-05-26T05:12:38.391Z
105552,"Buff energy 500мл/л/",56,ACTIVE,2026-05-26T05:12:38.391Z
103397,"Maison castel 0.75 /AOC/",1,ACTIVE,2026-05-26T05:12:38.391Z
106401,"Popping Boba drink 280мл",33,ACTIVE,2026-05-26T05:12:38.391Z
